exec,format,format_,niter,x,nprocs,nruns,exec-time,insp-time,size,bs,matrix,speedup
cg_par,eigen,eigen,500,-0.000045,1,9,6.869773,0.257468,110420860,1,af_shell3,1
cg_par,coo,coo,500,0,1,9,9.472086,0,144535248,1,af_shell3,0.725265058
cg_par,csr,csr,500,0,1,9,6.455055,0.013221,110420860,1,af_shell3,1.064247013
cg_par,dsr,dsr,500,0,1,9,6.782811,0.016197,112440280,1,af_shell3,1.012820938
cg_par,ell,ell,500,0,1,9,14.141775,0.235669,218097364,1,af_shell3,0.485778695
cg_par,csb,csb,500,0,1,9,8.0943,1.195605,90727750,64,af_shell3,0.848717369
cg_par,csb-b64,csb,500,0,1,9,8.0943,1.195605,90727750,64,af_shell3,0.848717369
cg_par,csb-b128,csb,500,0,1,9,8.383087,0.993787,90529774,128,af_shell3,0.819480103
cg_par,csb-b256,csb,500,0,1,9,8.109271,0.266363,90431998,256,af_shell3,0.847150502
cg_par,eigen,eigen,500,-0.000045,2,9,5.027875,0.258225,110420860,1,af_shell3,1
cg_par,coo,coo,500,0,2,9,4.856424,0,144535248,1,af_shell3,1.03530396
cg_par,csr,csr,500,0,2,9,2.909968,0.013046,110420860,1,af_shell3,1.727811096
cg_par,dsr,dsr,500,0,2,9,3.042171,0.014901,112440280,1,af_shell3,1.652725964
cg_par,ell,ell,500,0,2,9,11.009588,0.232769,218097364,1,af_shell3,0.456681485
cg_par,csb-b64,csb,500,0,2,9,3.980072,1.197243,90727750,64,af_shell3,1.263262323
cg_par,csb-b128,csb,500,0,2,9,3.987045,1.00102,90529774,128,af_shell3,1.261052985
cg_par,csb-b256,csb,500,0,2,9,4.005786,0.266973,90431998,256,af_shell3,1.255153171
cg_par,eigen,eigen,500,-0.000045,4,9,3.431922,0.257592,110420860,1,af_shell3,1
cg_par,coo,coo,500,0,4,9,2.614407,0,144535248,1,af_shell3,1.312696149
cg_par,csr,csr,500,0,4,9,1.539173,0.013178,110420860,1,af_shell3,2.229718167
cg_par,dsr,dsr,500,0,4,9,1.66976,0.014854,112440280,1,af_shell3,2.055338492
cg_par,ell,ell,500,0,4,9,5.703787,0.234891,218097364,1,af_shell3,0.601691823
cg_par,csb-b64,csb,500,0,4,9,2.064365,1.203772,90727750,64,af_shell3,1.662458916
cg_par,csb-b128,csb,500,0,4,9,2.081306,1.00074,90529774,128,af_shell3,1.648927164
cg_par,csb-b256,csb,500,0,4,9,2.057946,0.267301,90431998,256,af_shell3,1.667644341
cg_par,eigen,eigen,500,-0.000045,8,9,2.973942,0.259269,110420860,1,af_shell3,
cg_par,coo,coo,500,0,8,9,1.617321,0,144535248,1,af_shell3,
cg_par,csr,csr,500,0,8,9,0.996154,0.013271,110420860,1,af_shell3,
cg_par,dsr,dsr,500,0,8,9,1.056341,0.015072,112440280,1,af_shell3,
cg_par,ell,ell,500,0,8,9,3.406822,0.23685,218097364,1,af_shell3,
cg_par,csb-b64,csb,500,0,8,9,1.143134,1.202127,90727750,64,af_shell3,
cg_par,csb-b128,csb,500,0,8,9,1.144301,0.998196,90529774,128,af_shell3,
cg_par,csb-b256,csb,500,0,8,9,1.165529,0.268269,90431998,256,af_shell3,
cg_par,eigen,eigen,500,-0.000045,16,9,2.70697,0.258431,110420860,1,af_shell3,
cg_par,coo,coo,500,0,16,9,1.314997,0,144535248,1,af_shell3,
cg_par,csr,csr,500,0,16,9,0.709206,0.013292,110420860,1,af_shell3,
cg_par,dsr,dsr,500,0,16,9,0.707283,0.015137,112440280,1,af_shell3,
cg_par,ell,ell,500,0,16,9,2.461817,0.236229,218097364,1,af_shell3,
cg_par,csb-b64,csb,500,0,16,9,0.657459,1.216865,90727750,64,af_shell3,
cg_par,csb-b128,csb,500,0,16,9,0.657706,0.998431,90529774,128,af_shell3,
cg_par,csb-b256,csb,500,0,16,9,0.680289,0.268392,90431998,256,af_shell3,
cg_par,eigen,eigen,500,-0.000045,24,9,2.749882,0.256569,110420860,1,af_shell3,
cg_par,coo,coo,500,0,24,9,1.115731,0,144535248,1,af_shell3,
cg_par,csr,csr,500,0,24,9,0.725,0.013214,110420860,1,af_shell3,
cg_par,dsr,dsr,500,0,24,9,0.638309,0.015016,112440280,1,af_shell3,
cg_par,ell,ell,500,0,24,9,2.200216,0.234529,218097364,1,af_shell3,
cg_par,csb-b64,csb,500,0,24,9,0.523758,1.200203,90727750,64,af_shell3,
cg_par,csb-b128,csb,500,0,24,9,0.534535,1.001385,90529774,128,af_shell3,
cg_par,csb-b256,csb,500,0,24,9,0.569807,0.268695,90431998,256,af_shell3,
cg_par,eigen,eigen,500,-0.000045,28,9,2.665135,0.257322,110420860,1,af_shell3,1
cg_par,coo,coo,500,0,28,9,1.216886,0,144535248,1,af_shell3,2.190127095
cg_par,csr,csr,500,0,28,9,0.665067,0.013209,110420860,1,af_shell3,4.00731806
cg_par,dsr,dsr,500,0,28,9,0.70505,0.015023,112440280,1,af_shell3,3.780065244
cg_par,ell,ell,500,0,28,9,2.30535,0.232373,218097364,1,af_shell3,1.15606524
cg_par,csb-b64,csb,500,0,28,9,0.493621,1.197239,90727750,64,af_shell3,5.399152386
cg_par,csb-b128,csb,500,0,28,9,0.52595,0.99537,90529774,128,af_shell3,5.067278258
cg_par,csb-b256,csb,500,0,28,9,0.540823,0.266938,90431998,256,af_shell3,4.927924663
cg_par,eigen,eigen,500,0.018151,1,9,0.911274,0.056043,24668812,1,cant,
cg_par,coo,coo,500,0,1,9,2.066988,0,32558672,1,cant,
cg_par,csr,csr,500,0,1,9,0.834854,0.00296,24668812,1,cant,
cg_par,dsr,dsr,500,0,1,9,0.872341,0.003157,24918616,1,cant,
cg_par,ell,ell,500,0,1,9,1.349565,0.0348,30725896,1,cant,
cg_par,csb-b64,csb,500,0,1,9,1.618883,0.100103,20406702,64,cant,
cg_par,csb-b128,csb,500,0,1,9,1.692902,0.125767,20372142,128,cant,
cg_par,csb-b256,csb,500,0,1,9,1.767372,0.105889,20357754,256,cant,
cg_par,eigen,eigen,500,0.018151,2,9,0.574364,0.055916,24668812,1,cant,
cg_par,coo,coo,500,0,2,9,1.049871,0,32558672,1,cant,
cg_par,csr,csr,500,0,2,9,0.423062,0.002946,24668812,1,cant,
cg_par,dsr,dsr,500,0,2,9,0.442433,0.003158,24918616,1,cant,
cg_par,ell,ell,500,0,2,9,1.106763,0.033655,30725896,1,cant,
cg_par,csb-b64,csb,500,0,2,9,0.818706,0.099857,20406702,64,cant,
cg_par,csb-b128,csb,500,0,2,9,0.854782,0.125024,20372142,128,cant,
cg_par,csb-b256,csb,500,0,2,9,0.892592,0.105359,20357754,256,cant,
cg_par,eigen,eigen,500,0.018151,4,9,0.381241,0.056537,24668812,1,cant,
cg_par,coo,coo,500,0,4,9,0.550197,0,32558672,1,cant,
cg_par,csr,csr,500,0,4,9,0.219492,0.002965,24668812,1,cant,
cg_par,dsr,dsr,500,0,4,9,0.230828,0.003216,24918616,1,cant,
cg_par,ell,ell,500,0,4,9,0.585891,0.034152,30725896,1,cant,
cg_par,csb-b64,csb,500,0,4,9,0.41961,0.100148,20406702,64,cant,
cg_par,csb-b128,csb,500,0,4,9,0.438456,0.125564,20372142,128,cant,
cg_par,csb-b256,csb,500,0,4,9,0.459111,0.105314,20357754,256,cant,
cg_par,eigen,eigen,500,0.018151,8,9,0.298626,0.056068,24668812,1,cant,
cg_par,coo,coo,500,0,8,9,0.321103,0,32558672,1,cant,
cg_par,csr,csr,500,0,8,9,0.124246,0.002946,24668812,1,cant,
cg_par,dsr,dsr,500,0,8,9,0.129999,0.003148,24918616,1,cant,
cg_par,ell,ell,500,0,8,9,0.358726,0.033378,30725896,1,cant,
cg_par,csb-b64,csb,500,0,8,9,0.23733,0.100856,20406702,64,cant,
cg_par,csb-b128,csb,500,0,8,9,0.247364,0.126065,20372142,128,cant,
cg_par,csb-b256,csb,500,0,8,9,0.259956,0.106146,20357754,256,cant,
cg_par,eigen,eigen,500,0.018151,16,9,0.247235,0.056321,24668812,1,cant,
cg_par,coo,coo,500,0,16,9,0.184197,0,32558672,1,cant,
cg_par,csr,csr,500,0,16,9,0.069338,0.002937,24668812,1,cant,
cg_par,dsr,dsr,500,0,16,9,0.075512,0.003161,24918616,1,cant,
cg_par,ell,ell,500,0,16,9,0.265721,0.033276,30725896,1,cant,
cg_par,csb-b64,csb,500,0,16,9,0.133327,0.101432,20406702,64,cant,
cg_par,csb-b128,csb,500,0,16,9,0.138429,0.126266,20372142,128,cant,
cg_par,csb-b256,csb,500,0,16,9,0.14644,0.106258,20357754,256,cant,
cg_par,eigen,eigen,500,0.018151,24,9,0.238115,0.056151,24668812,1,cant,
cg_par,coo,coo,500,0,24,9,0.148992,0,32558672,1,cant,
cg_par,csr,csr,500,0,24,9,0.053445,0.002954,24668812,1,cant,
cg_par,dsr,dsr,500,0,24,9,0.059545,0.003185,24918616,1,cant,
cg_par,ell,ell,500,0,24,9,0.227099,0.035122,30725896,1,cant,
cg_par,csb-b64,csb,500,0,24,9,0.1013,0.100972,20406702,64,cant,
cg_par,csb-b128,csb,500,0,24,9,0.104584,0.125898,20372142,128,cant,
cg_par,csb-b256,csb,500,0,24,9,0.109499,0.106137,20357754,256,cant,
cg_par,eigen,eigen,500,0.018151,28,9,0.235888,0.055748,24668812,1,cant,1
cg_par,coo,coo,500,0,28,9,0.129604,0,32558672,1,cant,1.820067282
cg_par,csr,csr,500,0,28,9,0.048727,0.002948,24668812,1,cant,4.84101217
cg_par,dsr,dsr,500,0,28,9,0.05496,0.00317,24918616,1,cant,4.291994178
cg_par,ell,ell,500,0,28,9,0.232577,0.034146,30725896,1,cant,1.014236145
cg_par,csb-b64,csb,500,0,28,9,0.094575,0.101032,20406702,64,cant,2.494189796
cg_par,csb-b128,csb,500,0,28,9,0.096964,0.126499,20372142,128,cant,2.432737923
cg_par,csb-b256,csb,500,0,28,9,0.098722,0.106078,20357754,256,cant,2.389416746
cg_par,eigen,eigen,500,-0.017497,1,9,1.602343,0.084883,36896224,1,consph,
cg_par,coo,coo,500,0,1,9,3.371791,0,48750512,1,consph,
cg_par,csr,csr,500,0,1,9,1.470579,0.004477,36896224,1,consph,
cg_par,dsr,dsr,500,0,1,9,1.624277,0.004586,37229560,1,consph,
cg_par,ell,ell,500,0,1,9,4.24628,0.068117,67000540,1,consph,
cg_par,csb-b64,csb,500,0,1,9,2.318731,0.229281,30620250,64,consph,
cg_par,csb-b128,csb,500,0,1,9,2.497439,0.277812,30536514,128,consph,
cg_par,csb-b256,csb,500,0,1,9,2.597234,0.323716,30500118,256,consph,
cg_par,eigen,eigen,500,-0.017497,2,9,0.933123,0.084889,36896224,1,consph,
cg_par,coo,coo,500,0,2,9,1.642402,0,48750512,1,consph,
cg_par,csr,csr,500,0,2,9,0.647902,0.00447,36896224,1,consph,
cg_par,dsr,dsr,500,0,2,9,0.672303,0.004659,37229560,1,consph,
cg_par,ell,ell,500,0,2,9,2.370633,0.068978,67000540,1,consph,
cg_par,csb-b64,csb,500,0,2,9,1.158685,0.229419,30620250,64,consph,
cg_par,csb-b128,csb,500,0,2,9,1.255867,0.279524,30536514,128,consph,
cg_par,csb-b256,csb,500,0,2,9,1.344852,0.323499,30500118,256,consph,
cg_par,eigen,eigen,500,-0.017497,4,9,0.60176,0.087476,36896224,1,consph,
cg_par,coo,coo,500,0,4,9,0.861263,0,48750512,1,consph,
cg_par,csr,csr,500,0,4,9,0.341287,0.004474,36896224,1,consph,
cg_par,dsr,dsr,500,0,4,9,0.353779,0.004632,37229560,1,consph,
cg_par,ell,ell,500,0,4,9,1.224699,0.071023,67000540,1,consph,
cg_par,csb-b64,csb,500,0,4,9,0.80613,0.227871,30620250,64,consph,
cg_par,csb-b128,csb,500,0,4,9,0.86559,0.278246,30536514,128,consph,
cg_par,csb-b256,csb,500,0,4,9,0.907792,0.323843,30500118,256,consph,
cg_par,eigen,eigen,500,-0.017497,8,9,0.454953,0.084504,36896224,1,consph,
cg_par,coo,coo,500,0,8,9,0.499509,0,48750512,1,consph,
cg_par,csr,csr,500,0,8,9,0.206016,0.004474,36896224,1,consph,
cg_par,dsr,dsr,500,0,8,9,0.213397,0.004588,37229560,1,consph,
cg_par,ell,ell,500,0,8,9,0.726184,0.067965,67000540,1,consph,
cg_par,csb-b64,csb,500,0,8,9,0.493786,0.230245,30620250,64,consph,
cg_par,csb-b128,csb,500,0,8,9,0.552092,0.27908,30536514,128,consph,
cg_par,csb-b256,csb,500,0,8,9,0.618529,0.325333,30500118,256,consph,
cg_par,eigen,eigen,500,-0.017497,16,9,0.369854,0.084476,36896224,1,consph,
cg_par,coo,coo,500,0,16,9,0.287449,0,48750512,1,consph,
cg_par,csr,csr,500,0,16,9,0.117072,0.00448,36896224,1,consph,
cg_par,dsr,dsr,500,0,16,9,0.124504,0.004599,37229560,1,consph,
cg_par,ell,ell,500,0,16,9,0.483797,0.068479,67000540,1,consph,
cg_par,csb-b64,csb,500,0,16,9,0.280274,0.230714,30620250,64,consph,
cg_par,csb-b128,csb,500,0,16,9,0.323405,0.279122,30536514,128,consph,
cg_par,csb-b256,csb,500,0,16,9,0.379093,0.324472,30500118,256,consph,
cg_par,eigen,eigen,500,-0.017497,24,9,0.342101,0.085043,36896224,1,consph,
cg_par,coo,coo,500,0,24,9,0.211309,0,48750512,1,consph,
cg_par,csr,csr,500,0,24,9,0.082788,0.004473,36896224,1,consph,
cg_par,dsr,dsr,500,0,24,9,0.090884,0.004602,37229560,1,consph,
cg_par,ell,ell,500,0,24,9,0.431911,0.068082,67000540,1,consph,
cg_par,csb-b64,csb,500,0,24,9,0.201908,0.228948,30620250,64,consph,
cg_par,csb-b128,csb,500,0,24,9,0.232139,0.280447,30536514,128,consph,
cg_par,csb-b256,csb,500,0,24,9,0.263779,0.323875,30500118,256,consph,
cg_par,eigen,eigen,500,-0.017497,28,9,0.349599,0.085325,36896224,1,consph,1
cg_par,coo,coo,500,0,28,9,0.191184,0,48750512,1,consph,1.828599674
cg_par,csr,csr,500,0,28,9,0.076339,0.004481,36896224,1,consph,4.579559596
cg_par,dsr,dsr,500,0,28,9,0.084798,0.004578,37229560,1,consph,4.122726951
cg_par,ell,ell,500,0,28,9,0.471056,0.067965,67000540,1,consph,0.742160168
cg_par,csb-b64,csb,500,0,28,9,0.182297,0.229343,30620250,64,consph,1.917744121
cg_par,csb-b128,csb,500,0,28,9,0.213473,0.278103,30536514,128,consph,1.637673148
cg_par,csb-b256,csb,500,0,28,9,0.225645,0.323625,30500118,256,consph,1.549331915
cg_par,eigen,eigen,500,-39.352134,1,9,1.152521,0.047485,16829816,1,cop20k_A,
cg_par,coo,coo,500,0,1,9,1.432439,0,21793392,1,cop20k_A,
cg_par,csr,csr,500,0,1,9,1.05171,0.002037,16829816,1,cop20k_A,
cg_par,dsr,dsr,500,0,1,9,1.077088,0.002687,17143792,1,cop20k_A,
cg_par,ell,ell,500,0,1,9,2.013919,0.027385,36357604,1,cop20k_A,
cg_par,csb-b64,csb,500,0,1,9,1.659784,1.73433,15223558,64,cop20k_A,
cg_par,csb-b128,csb,500,0,1,9,1.504458,3.370602,14710402,128,cop20k_A,
cg_par,csb-b256,csb,500,0,1,9,1.312186,5.136905,14187922,256,cop20k_A,
cg_par,eigen,eigen,500,-39.352134,2,9,1.006607,0.047629,16829816,1,cop20k_A,
cg_par,coo,coo,500,0,2,9,1.002288,0,21793392,1,cop20k_A,
cg_par,csr,csr,500,0,2,9,0.776253,0.002086,16829816,1,cop20k_A,
cg_par,dsr,dsr,500,0,2,9,0.760259,0.002669,17143792,1,cop20k_A,
cg_par,ell,ell,500,0,2,9,1.50674,0.027099,36357604,1,cop20k_A,
cg_par,csb-b64,csb,500,0,2,9,1.030664,1.747558,15223558,64,cop20k_A,
cg_par,csb-b128,csb,500,0,2,9,0.950022,3.399931,14710402,128,cop20k_A,
cg_par,csb-b256,csb,500,0,2,9,0.833529,5.191114,14187922,256,cop20k_A,
cg_par,eigen,eigen,500,-39.352134,4,9,0.680839,0.047486,16829816,1,cop20k_A,
cg_par,coo,coo,500,0,4,9,0.565144,0,21793392,1,cop20k_A,
cg_par,csr,csr,500,0,4,9,0.469505,0.00203,16829816,1,cop20k_A,
cg_par,dsr,dsr,500,0,4,9,0.405441,0.002676,17143792,1,cop20k_A,
cg_par,ell,ell,500,0,4,9,0.75729,0.0259,36357604,1,cop20k_A,
cg_par,csb-b64,csb,500,0,4,9,0.550665,1.748351,15223558,64,cop20k_A,
cg_par,csb-b128,csb,500,0,4,9,0.532924,3.400537,14710402,128,cop20k_A,
cg_par,csb-b256,csb,500,0,4,9,0.498516,5.189161,14187922,256,cop20k_A,
cg_par,eigen,eigen,500,-39.352134,8,9,0.535647,0.047622,16829816,1,cop20k_A,
cg_par,coo,coo,500,0,8,9,0.361426,0,21793392,1,cop20k_A,
cg_par,csr,csr,500,0,8,9,0.286815,0.002176,16829816,1,cop20k_A,
cg_par,dsr,dsr,500,0,8,9,0.295855,0.002674,17143792,1,cop20k_A,
cg_par,ell,ell,500,0,8,9,0.457593,0.026684,36357604,1,cop20k_A,
cg_par,csb-b64,csb,500,0,8,9,0.357169,1.740829,15223558,64,cop20k_A,
cg_par,csb-b128,csb,500,0,8,9,0.339489,3.371455,14710402,128,cop20k_A,
cg_par,csb-b256,csb,500,0,8,9,0.30552,5.134668,14187922,256,cop20k_A,
cg_par,eigen,eigen,500,-39.352134,16,9,0.464716,0.047712,16829816,1,cop20k_A,
cg_par,coo,coo,500,0,16,9,0.216597,0,21793392,1,cop20k_A,
cg_par,csr,csr,500,0,16,9,0.178747,0.00205,16829816,1,cop20k_A,
cg_par,dsr,dsr,500,0,16,9,0.166109,0.00267,17143792,1,cop20k_A,
cg_par,ell,ell,500,0,16,9,0.350357,0.026876,36357604,1,cop20k_A,
cg_par,csb-b64,csb,500,0,16,9,0.22261,1.741258,15223558,64,cop20k_A,
cg_par,csb-b128,csb,500,0,16,9,0.209175,3.376584,14710402,128,cop20k_A,
cg_par,csb-b256,csb,500,0,16,9,0.192685,5.141595,14187922,256,cop20k_A,
cg_par,eigen,eigen,500,-39.352134,24,9,0.440075,0.047616,16829816,1,cop20k_A,
cg_par,coo,coo,500,0,24,9,0.180685,0,21793392,1,cop20k_A,
cg_par,csr,csr,500,0,24,9,0.1331,0.002025,16829816,1,cop20k_A,
cg_par,dsr,dsr,500,0,24,9,0.131737,0.002732,17143792,1,cop20k_A,
cg_par,ell,ell,500,0,24,9,0.313779,0.02646,36357604,1,cop20k_A,
cg_par,csb-b64,csb,500,0,24,9,0.180976,1.74615,15223558,64,cop20k_A,
cg_par,csb-b128,csb,500,0,24,9,0.163755,3.396251,14710402,128,cop20k_A,
cg_par,csb-b256,csb,500,0,24,9,0.147316,5.184266,14187922,256,cop20k_A,
cg_par,eigen,eigen,500,-39.352134,28,9,0.430051,0.047549,16829816,1,cop20k_A,1
cg_par,coo,coo,500,0,28,9,0.174827,0,21793392,1,cop20k_A,2.459866039
cg_par,csr,csr,500,0,28,9,0.102805,0.002035,16829816,1,cop20k_A,4.183172025
cg_par,dsr,dsr,500,0,28,9,0.124448,0.002667,17143792,1,cop20k_A,3.455668231
cg_par,ell,ell,500,0,28,9,0.277967,0.026787,36357604,1,cop20k_A,1.547129695
cg_par,csb-b64,csb,500,0,28,9,0.16243,1.737415,15223558,64,cop20k_A,2.6476082
cg_par,csb-b128,csb,500,0,28,9,0.157356,3.370601,14710402,128,cop20k_A,2.732981265
cg_par,csb-b256,csb,500,0,28,9,0.144358,5.140867,14187922,256,cop20k_A,2.979059006
cg_par,eigen,eigen,500,1.16E+15,1,9,1.045638,0.039706,16106672,1,mac_econ_fwd500,
cg_par,coo,coo,500,0,1,9,1.21216,0,20374224,1,mac_econ_fwd500,
cg_par,csr,csr,500,0,1,9,0.833263,0.00211,16106672,1,mac_econ_fwd500,
cg_par,dsr,dsr,500,0,1,9,0.926087,0.002592,16932672,1,mac_econ_fwd500,
cg_par,ell,ell,500,0,1,9,7.401766,0.05475,111510004,1,mac_econ_fwd500,
cg_par,csb-b64,csb,500,0,1,9,1.313289,0.953332,13497778,64,mac_econ_fwd500,
cg_par,csb-b128,csb,500,0,1,9,1.181548,1.171781,13089634,128,mac_econ_fwd500,
cg_par,csb-b256,csb,500,0,1,9,1.144776,1.240668,12869722,256,mac_econ_fwd500,
cg_par,eigen,eigen,500,1.16E+15,2,9,1.018875,0.039328,16106672,1,mac_econ_fwd500,
cg_par,coo,coo,500,0,2,9,0.671982,0,20374224,1,mac_econ_fwd500,
cg_par,csr,csr,500,0,2,9,0.427266,0.002232,16106672,1,mac_econ_fwd500,
cg_par,dsr,dsr,500,0,2,9,0.475588,0.002594,16932672,1,mac_econ_fwd500,
cg_par,ell,ell,500,0,2,9,5.102362,0.054224,111510004,1,mac_econ_fwd500,
cg_par,csb-b64,csb,500,0,2,9,0.666562,0.960508,13497778,64,mac_econ_fwd500,
cg_par,csb-b128,csb,500,0,2,9,0.602443,1.181281,13089634,128,mac_econ_fwd500,
cg_par,csb-b256,csb,500,0,2,9,0.582599,1.251538,12869722,256,mac_econ_fwd500,
cg_par,eigen,eigen,500,1.16E+15,4,9,0.792067,0.039607,16106672,1,mac_econ_fwd500,
cg_par,coo,coo,500,0,4,9,0.38818,0,20374224,1,mac_econ_fwd500,
cg_par,csr,csr,500,0,4,9,0.222264,0.002101,16106672,1,mac_econ_fwd500,
cg_par,dsr,dsr,500,0,4,9,0.247568,0.002714,16932672,1,mac_econ_fwd500,
cg_par,ell,ell,500,0,4,9,2.686097,0.055053,111510004,1,mac_econ_fwd500,
cg_par,csb-b64,csb,500,0,4,9,0.344639,0.958552,13497778,64,mac_econ_fwd500,
cg_par,csb-b128,csb,500,0,4,9,0.312912,1.181573,13089634,128,mac_econ_fwd500,
cg_par,csb-b256,csb,500,0,4,9,0.302386,1.251724,12869722,256,mac_econ_fwd500,
cg_par,eigen,eigen,500,1.16E+15,8,9,0.718291,0.045875,16106672,1,mac_econ_fwd500,
cg_par,coo,coo,500,0,8,9,0.264009,0,20374224,1,mac_econ_fwd500,
cg_par,csr,csr,500,0,8,9,0.127507,0.002092,16106672,1,mac_econ_fwd500,
cg_par,dsr,dsr,500,0,8,9,0.143226,0.002594,16932672,1,mac_econ_fwd500,
cg_par,ell,ell,500,0,8,9,1.520026,0.054408,111510004,1,mac_econ_fwd500,
cg_par,csb-b64,csb,500,0,8,9,0.200549,0.957498,13497778,64,mac_econ_fwd500,
cg_par,csb-b128,csb,500,0,8,9,0.177403,1.176243,13089634,128,mac_econ_fwd500,
cg_par,csb-b256,csb,500,0,8,9,0.174768,1.243416,12869722,256,mac_econ_fwd500,
cg_par,eigen,eigen,500,1.16E+15,16,9,0.685105,0.039881,16106672,1,mac_econ_fwd500,
cg_par,coo,coo,500,0,16,9,0.196542,0,20374224,1,mac_econ_fwd500,
cg_par,csr,csr,500,0,16,9,0.075606,0.002104,16106672,1,mac_econ_fwd500,
cg_par,dsr,dsr,500,0,16,9,0.082486,0.002606,16932672,1,mac_econ_fwd500,
cg_par,ell,ell,500,0,16,9,1.162988,0.05491,111510004,1,mac_econ_fwd500,
cg_par,csb-b64,csb,500,0,16,9,0.114108,0.954138,13497778,64,mac_econ_fwd500,
cg_par,csb-b128,csb,500,0,16,9,0.102323,1.17457,13089634,128,mac_econ_fwd500,
cg_par,csb-b256,csb,500,0,16,9,0.100695,1.241223,12869722,256,mac_econ_fwd500,
cg_par,eigen,eigen,500,1.16E+15,24,9,0.681195,0.039813,16106672,1,mac_econ_fwd500,
cg_par,coo,coo,500,0,24,9,0.168992,0,20374224,1,mac_econ_fwd500,
cg_par,csr,csr,500,0,24,9,0.058044,0.002079,16106672,1,mac_econ_fwd500,
cg_par,dsr,dsr,500,0,24,9,0.071046,0.002573,16932672,1,mac_econ_fwd500,
cg_par,ell,ell,500,0,24,9,0.940312,0.053765,111510004,1,mac_econ_fwd500,
cg_par,csb-b64,csb,500,0,24,9,0.087262,0.955937,13497778,64,mac_econ_fwd500,
cg_par,csb-b128,csb,500,0,24,9,0.077511,1.178422,13089634,128,mac_econ_fwd500,
cg_par,csb-b256,csb,500,0,24,9,0.080693,1.246169,12869722,256,mac_econ_fwd500,
cg_par,eigen,eigen,500,1.16E+15,28,9,0.6816,0.039488,16106672,1,mac_econ_fwd500,1
cg_par,coo,coo,500,0,28,9,0.168041,0,20374224,1,mac_econ_fwd500,4.056152963
cg_par,csr,csr,500,0,28,9,0.054507,0.002082,16106672,1,mac_econ_fwd500,12.5048159
cg_par,dsr,dsr,500,0,28,9,0.072562,0.002615,16932672,1,mac_econ_fwd500,9.39334638
cg_par,ell,ell,500,0,28,9,0.941474,0.054248,111510004,1,mac_econ_fwd500,0.723971135
cg_par,csb-b64,csb,500,0,28,9,0.082647,0.956709,13497778,64,mac_econ_fwd500,8.247123308
cg_par,csb-b128,csb,500,0,28,9,0.078138,1.17473,13089634,128,mac_econ_fwd500,8.723028488
cg_par,csb-b256,csb,500,0,28,9,0.075055,1.241145,12869722,256,mac_econ_fwd500,9.08134035
cg_par,eigen,eigen,500,-9.10E+15,1,9,2.720675,0.07053,27306004,1,mc2depi,
cg_par,coo,coo,500,0,1,9,2.335567,0,33603600,1,mc2depi,
cg_par,csr,csr,500,0,1,9,1.842493,0.003993,27306004,1,mc2depi,
cg_par,dsr,dsr,500,0,1,9,2.17991,0.006252,29409304,1,mc2depi,
cg_par,ell,ell,500,0,1,9,2.692651,0.010877,31549504,1,mc2depi,
cg_par,csb-b64,csb,500,0,1,9,2.148577,1.337435,21492670,64,mc2depi,
cg_par,csb-b128,csb,500,0,1,9,2.112239,0.94394,21244702,128,mc2depi,
cg_par,csb-b256,csb,500,0,1,9,2.112208,1.073233,21117766,256,mc2depi,
cg_par,eigen,eigen,500,-9.10E+15,2,9,2.214331,0.070727,27306004,1,mc2depi,
cg_par,coo,coo,500,0,2,9,1.131112,0,33603600,1,mc2depi,
cg_par,csr,csr,500,0,2,9,0.853419,0.003933,27306004,1,mc2depi,
cg_par,dsr,dsr,500,0,2,9,0.967842,0.006081,29409304,1,mc2depi,
cg_par,ell,ell,500,0,2,9,1.994871,0.011237,31549504,1,mc2depi,
cg_par,csb-b64,csb,500,0,2,9,1.013011,1.347728,21492670,64,mc2depi,
cg_par,csb-b128,csb,500,0,2,9,1.006691,0.952064,21244702,128,mc2depi,
cg_par,csb-b256,csb,500,0,2,9,1.003993,1.080042,21117766,256,mc2depi,
cg_par,eigen,eigen,500,-9.10E+15,4,9,1.968376,0.070024,27306004,1,mc2depi,
cg_par,coo,coo,500,0,4,9,0.686562,0,33603600,1,mc2depi,
cg_par,csr,csr,500,0,4,9,0.438058,0.004031,27306004,1,mc2depi,
cg_par,dsr,dsr,500,0,4,9,0.497974,0.006246,29409304,1,mc2depi,
cg_par,ell,ell,500,0,4,9,1.260115,0.010949,31549504,1,mc2depi,
cg_par,csb-b64,csb,500,0,4,9,0.533634,1.345912,21492670,64,mc2depi,
cg_par,csb-b128,csb,500,0,4,9,0.525288,0.950388,21244702,128,mc2depi,
cg_par,csb-b256,csb,500,0,4,9,0.537735,1.081267,21117766,256,mc2depi,
cg_par,eigen,eigen,500,-9.10E+15,8,9,1.88098,0.070854,27306004,1,mc2depi,
cg_par,coo,coo,500,0,8,9,0.48519,0,33603600,1,mc2depi,
cg_par,csr,csr,500,0,8,9,0.247546,0.004003,27306004,1,mc2depi,
cg_par,dsr,dsr,500,0,8,9,0.281436,0.006275,29409304,1,mc2depi,
cg_par,ell,ell,500,0,8,9,0.800764,0.010512,31549504,1,mc2depi,
cg_par,csb-b64,csb,500,0,8,9,0.307416,1.335984,21492670,64,mc2depi,
cg_par,csb-b128,csb,500,0,8,9,0.303735,0.945981,21244702,128,mc2depi,
cg_par,csb-b256,csb,500,0,8,9,0.332761,1.073295,21117766,256,mc2depi,
cg_par,eigen,eigen,500,-9.10E+15,16,9,1.804782,0.07046,27306004,1,mc2depi,
cg_par,coo,coo,500,0,16,9,0.396832,0,33603600,1,mc2depi,
cg_par,csr,csr,500,0,16,9,0.134239,0.004018,27306004,1,mc2depi,
cg_par,dsr,dsr,500,0,16,9,0.152735,0.006236,29409304,1,mc2depi,
cg_par,ell,ell,500,0,16,9,0.761985,0.010494,31549504,1,mc2depi,
cg_par,csb-b64,csb,500,0,16,9,0.170041,1.335943,21492670,64,mc2depi,
cg_par,csb-b128,csb,500,0,16,9,0.173639,0.946268,21244702,128,mc2depi,
cg_par,csb-b256,csb,500,0,16,9,0.202306,1.075939,21117766,256,mc2depi,
cg_par,eigen,eigen,500,-9.10E+15,24,9,1.866146,0.070877,27306004,1,mc2depi,
cg_par,coo,coo,500,0,24,9,0.334866,0,33603600,1,mc2depi,
cg_par,csr,csr,500,0,24,9,0.095888,0.003994,27306004,1,mc2depi,
cg_par,dsr,dsr,500,0,24,9,0.111483,0.006338,29409304,1,mc2depi,
cg_par,ell,ell,500,0,24,9,0.799855,0.010529,31549504,1,mc2depi,
cg_par,csb-b64,csb,500,0,24,9,0.127335,1.344888,21492670,64,mc2depi,
cg_par,csb-b128,csb,500,0,24,9,0.135687,0.949691,21244702,128,mc2depi,
cg_par,csb-b256,csb,500,0,24,9,0.17547,1.07937,21117766,256,mc2depi,
cg_par,eigen,eigen,500,-9.10E+15,28,9,1.84602,0.070204,27306004,1,mc2depi,1
cg_par,coo,coo,500,0,28,9,0.326814,0,33603600,1,mc2depi,5.648534029
cg_par,csr,csr,500,0,28,9,0.088492,0.003997,27306004,1,mc2depi,6.953622926
cg_par,dsr,dsr,500,0,28,9,0.101367,0.006287,29409304,1,mc2depi,6.070417394
cg_par,ell,ell,500,0,28,9,0.80685,0.010492,31549504,1,mc2depi,0.762644853
cg_par,csb-b64,csb,500,0,28,9,0.125651,1.339296,21492670,64,mc2depi,4.897215303
cg_par,csb-b128,csb,500,0,28,9,0.129854,0.944345,21244702,128,mc2depi,4.738706547
cg_par,csb-b256,csb,500,0,28,9,0.155961,1.074512,21117766,256,mc2depi,3.945473548
cg_par,eigen,eigen,500,-0.273102,1,9,1.003068,0.062887,26432764,1,pdb1HYS,
cg_par,coo,coo,500,0,1,9,2.594828,0,35049456,1,pdb1HYS,
cg_par,csr,csr,500,0,1,9,0.953616,0.003545,26432764,1,pdb1HYS,
cg_par,dsr,dsr,500,0,1,9,0.971227,0.003124,26578432,1,pdb1HYS,
cg_par,ell,ell,500,0,1,9,4.927958,0.056804,80845744,1,pdb1HYS,
cg_par,csb-b64,csb,500,0,1,9,1.991942,0.092688,21959338,64,pdb1HYS,
cg_par,csb-b128,csb,500,0,1,9,2.114234,0.113594,21929854,128,pdb1HYS,
cg_par,csb-b256,csb,500,0,1,9,2.195229,0.133551,21917302,256,pdb1HYS,
cg_par,eigen,eigen,500,-0.273102,2,9,0.597781,0.063215,26432764,1,pdb1HYS,
cg_par,coo,coo,500,0,2,9,1.318449,0,35049456,1,pdb1HYS,
cg_par,csr,csr,500,0,2,9,0.511352,0.003561,26432764,1,pdb1HYS,
cg_par,dsr,dsr,500,0,2,9,0.520389,0.003146,26578432,1,pdb1HYS,
cg_par,ell,ell,500,0,2,9,2.974944,0.057429,80845744,1,pdb1HYS,
cg_par,csb-b64,csb,500,0,2,9,1.039824,0.092335,21959338,64,pdb1HYS,
cg_par,csb-b128,csb,500,0,2,9,1.11844,0.113379,21929854,128,pdb1HYS,
cg_par,csb-b256,csb,500,0,2,9,1.192251,0.133813,21917302,256,pdb1HYS,
cg_par,eigen,eigen,500,-0.273102,4,9,0.360246,0.063196,26432764,1,pdb1HYS,
cg_par,coo,coo,500,0,4,9,0.68348,0,35049456,1,pdb1HYS,
cg_par,csr,csr,500,0,4,9,0.270154,0.003567,26432764,1,pdb1HYS,
cg_par,dsr,dsr,500,0,4,9,0.275811,0.003173,26578432,1,pdb1HYS,
cg_par,ell,ell,500,0,4,9,1.520978,0.057918,80845744,1,pdb1HYS,
cg_par,csb-b64,csb,500,0,4,9,0.547198,0.092458,21959338,64,pdb1HYS,
cg_par,csb-b128,csb,500,0,4,9,0.59142,0.11314,21929854,128,pdb1HYS,
cg_par,csb-b256,csb,500,0,4,9,0.647059,0.13343,21917302,256,pdb1HYS,
cg_par,eigen,eigen,500,-0.273102,8,9,0.261751,0.062618,26432764,1,pdb1HYS,
cg_par,coo,coo,500,0,8,9,0.38894,0,35049456,1,pdb1HYS,
cg_par,csr,csr,500,0,8,9,0.15593,0.003551,26432764,1,pdb1HYS,
cg_par,dsr,dsr,500,0,8,9,0.159922,0.003127,26578432,1,pdb1HYS,
cg_par,ell,ell,500,0,8,9,0.881694,0.055852,80845744,1,pdb1HYS,
cg_par,csb-b64,csb,500,0,8,9,0.312955,0.09267,21959338,64,pdb1HYS,
cg_par,csb-b128,csb,500,0,8,9,0.346468,0.113627,21929854,128,pdb1HYS,
cg_par,csb-b256,csb,500,0,8,9,0.376293,0.133826,21917302,256,pdb1HYS,
cg_par,eigen,eigen,500,-0.273102,16,9,0.19657,0.062945,26432764,1,pdb1HYS,
cg_par,coo,coo,500,0,16,9,0.217199,0,35049456,1,pdb1HYS,
cg_par,csr,csr,500,0,16,9,0.090308,0.003569,26432764,1,pdb1HYS,
cg_par,dsr,dsr,500,0,16,9,0.094183,0.003134,26578432,1,pdb1HYS,
cg_par,ell,ell,500,0,16,9,0.671615,0.056964,80845744,1,pdb1HYS,
cg_par,csb-b64,csb,500,0,16,9,0.192298,0.093048,21959338,64,pdb1HYS,
cg_par,csb-b128,csb,500,0,16,9,0.208755,0.114065,21929854,128,pdb1HYS,
cg_par,csb-b256,csb,500,0,16,9,0.22624,0.133929,21917302,256,pdb1HYS,
cg_par,eigen,eigen,500,-0.273102,24,9,0.171956,0.062678,26432764,1,pdb1HYS,
cg_par,coo,coo,500,0,24,9,0.163929,0,35049456,1,pdb1HYS,
cg_par,csr,csr,500,0,24,9,0.071528,0.003547,26432764,1,pdb1HYS,
cg_par,dsr,dsr,500,0,24,9,0.077988,0.003131,26578432,1,pdb1HYS,
cg_par,ell,ell,500,0,24,9,0.618938,0.056959,80845744,1,pdb1HYS,
cg_par,csb-b64,csb,500,0,24,9,0.159814,0.092896,21959338,64,pdb1HYS,
cg_par,csb-b128,csb,500,0,24,9,0.181499,0.113673,21929854,128,pdb1HYS,
cg_par,csb-b256,csb,500,0,24,9,0.185435,0.136547,21917302,256,pdb1HYS,
cg_par,eigen,eigen,500,-0.273102,28,9,0.166904,0.063157,26432764,1,pdb1HYS,1
cg_par,coo,coo,500,0,28,9,0.148599,0,35049456,1,pdb1HYS,1.123183871
cg_par,csr,csr,500,0,28,9,0.067497,0.003553,26432764,1,pdb1HYS,2.472761752
cg_par,dsr,dsr,500,0,28,9,0.072771,0.003131,26578432,1,pdb1HYS,2.293551002
cg_par,ell,ell,500,0,28,9,0.595437,0.057401,80845744,1,pdb1HYS,0.280305053
cg_par,csb-b64,csb,500,0,28,9,0.140943,0.092799,21959338,64,pdb1HYS,1.184195029
cg_par,csb-b128,csb,500,0,28,9,0.165228,0.114552,21929854,128,pdb1HYS,1.010143559
cg_par,csb-b256,csb,500,0,28,9,0.172951,0.133668,21917302,256,pdb1HYS,0.96503634
cg_par,eigen,eigen,500,-1058.573978,1,9,0.202313,0.013917,4443048,1,Pres_Poisson,
cg_par,coo,coo,500,0,1,9,0.364696,0,5845008,1,Pres_Poisson,
cg_par,csr,csr,500,0,1,9,0.189504,0.000526,4443048,1,Pres_Poisson,
cg_par,dsr,dsr,500,0,1,9,0.195189,0.000621,4502336,1,Pres_Poisson,
cg_par,ell,ell,500,0,1,9,0.372252,0.003749,9071068,1,Pres_Poisson,
cg_par,csb-b64,csb,500,0,1,9,0.308466,0.023583,3668902,64,Pres_Poisson,
cg_par,csb-b128,csb,500,0,1,9,0.320735,0.029777,3660346,128,Pres_Poisson,
cg_par,csb-b256,csb,500,0,1,9,0.332521,0.035146,3656374,256,Pres_Poisson,
cg_par,eigen,eigen,500,-1058.573978,2,9,0.137875,0.013786,4443048,1,Pres_Poisson,
cg_par,coo,coo,500,0,2,9,0.196481,0,5845008,1,Pres_Poisson,
cg_par,csr,csr,500,0,2,9,0.10204,0.000545,4443048,1,Pres_Poisson,
cg_par,dsr,dsr,500,0,2,9,0.106732,0.000621,4502336,1,Pres_Poisson,
cg_par,ell,ell,500,0,2,9,0.340424,0.003736,9071068,1,Pres_Poisson,
cg_par,csb-b64,csb,500,0,2,9,0.163917,0.023494,3668902,64,Pres_Poisson,
cg_par,csb-b128,csb,500,0,2,9,0.179517,0.028992,3660346,128,Pres_Poisson,
cg_par,csb-b256,csb,500,0,2,9,0.19451,0.034849,3656374,256,Pres_Poisson,
cg_par,eigen,eigen,500,-1058.573978,4,9,0.092861,0.013563,4443048,1,Pres_Poisson,
cg_par,coo,coo,500,0,4,9,0.106954,0,5845008,1,Pres_Poisson,
cg_par,csr,csr,500,0,4,9,0.052723,0.000522,4443048,1,Pres_Poisson,
cg_par,dsr,dsr,500,0,4,9,0.055488,0.000618,4502336,1,Pres_Poisson,
cg_par,ell,ell,500,0,4,9,0.188257,0.003695,9071068,1,Pres_Poisson,
cg_par,csb-b64,csb,500,0,4,9,0.091231,0.023714,3668902,64,Pres_Poisson,
cg_par,csb-b128,csb,500,0,4,9,0.095444,0.029248,3660346,128,Pres_Poisson,
cg_par,csb-b256,csb,500,0,4,9,0.109851,0.0349,3656374,256,Pres_Poisson,
cg_par,eigen,eigen,500,-1058.573978,8,9,0.07483,0.013812,4443048,1,Pres_Poisson,
cg_par,coo,coo,500,0,8,9,0.066705,0,5845008,1,Pres_Poisson,
cg_par,csr,csr,500,0,8,9,0.032957,0.000529,4443048,1,Pres_Poisson,
cg_par,dsr,dsr,500,0,8,9,0.03663,0.000623,4502336,1,Pres_Poisson,
cg_par,ell,ell,500,0,8,9,0.142587,0.003858,9071068,1,Pres_Poisson,
cg_par,csb-b64,csb,500,0,8,9,0.061891,0.023732,3668902,64,Pres_Poisson,
cg_par,csb-b128,csb,500,0,8,9,0.063208,0.029504,3660346,128,Pres_Poisson,
cg_par,csb-b256,csb,500,0,8,9,0.074225,0.035233,3656374,256,Pres_Poisson,
cg_par,eigen,eigen,500,-1058.573978,16,9,0.065562,0.013827,4443048,1,Pres_Poisson,
cg_par,coo,coo,500,0,16,9,0.048141,0,5845008,1,Pres_Poisson,
cg_par,csr,csr,500,0,16,9,0.0231,0.000528,4443048,1,Pres_Poisson,
cg_par,dsr,dsr,500,0,16,9,0.028812,0.000634,4502336,1,Pres_Poisson,
cg_par,ell,ell,500,0,16,9,0.129663,0.003706,9071068,1,Pres_Poisson,
cg_par,csb-b64,csb,500,0,16,9,0.043813,0.023901,3668902,64,Pres_Poisson,
cg_par,csb-b128,csb,500,0,16,9,0.045522,0.02958,3660346,128,Pres_Poisson,
cg_par,csb-b256,csb,500,0,16,9,0.051658,0.035658,3656374,256,Pres_Poisson,
cg_par,eigen,eigen,500,-1058.573978,24,9,0.064209,0.013714,4443048,1,Pres_Poisson,
cg_par,coo,coo,500,0,24,9,0.046201,0,5845008,1,Pres_Poisson,
cg_par,csr,csr,500,0,24,9,0.021749,0.000545,4443048,1,Pres_Poisson,
cg_par,dsr,dsr,500,0,24,9,0.027403,0.000629,4502336,1,Pres_Poisson,
cg_par,ell,ell,500,0,24,9,0.140146,0.003497,9071068,1,Pres_Poisson,
cg_par,csb-b64,csb,500,0,24,9,0.042213,0.023951,3668902,64,Pres_Poisson,
cg_par,csb-b128,csb,500,0,24,9,0.044165,0.029533,3660346,128,Pres_Poisson,
cg_par,csb-b256,csb,500,0,24,9,0.05141,0.035214,3656374,256,Pres_Poisson,
cg_par,eigen,eigen,500,-1058.573978,28,9,0.065325,0.014115,4443048,1,Pres_Poisson,1
cg_par,coo,coo,500,0,28,9,0.046129,0,5845008,1,Pres_Poisson,1.416137354
cg_par,csr,csr,500,0,28,9,0.023264,0.000525,4443048,1,Pres_Poisson,2.807986589
cg_par,dsr,dsr,500,0,28,9,0.0268,0.000678,4502336,1,Pres_Poisson,2.4375
cg_par,ell,ell,500,0,28,9,0.143254,0.003798,9071068,1,Pres_Poisson,0.456008209
cg_par,csb-b64,csb,500,0,28,9,0.04339,0.023782,3668902,64,Pres_Poisson,1.505531228
cg_par,csb-b128,csb,500,0,28,9,0.049038,0.029753,3660346,128,Pres_Poisson,1.332130185
cg_par,csb-b256,csb,500,0,28,9,0.049649,0.035083,3656374,256,Pres_Poisson,1.31573647
cg_par,eigen,eigen,500,0.00037,1,9,4.080791,0.167609,71325776,1,pwtk,
cg_par,coo,coo,500,0,1,9,6.142899,0,93938800,1,pwtk,
cg_par,csr,csr,500,0,1,9,3.792111,0.008555,71325776,1,pwtk,
cg_par,dsr,dsr,500,0,1,9,3.802086,0.009563,72197448,1,pwtk,
cg_par,ell,ell,500,0,1,9,27.261513,0.211295,470702884,1,pwtk,
cg_par,csb-b64,csb,500,0,1,9,5.301968,0.428238,58895834,64,pwtk,
cg_par,csb-b128,csb,500,0,1,9,5.265352,0.46311,58807538,128,pwtk,
cg_par,csb-b256,csb,500,0,1,9,5.308167,0.130617,58752410,256,pwtk,
cg_par,eigen,eigen,500,0.00037,2,9,2.472569,0.1695,71325776,1,pwtk,
cg_par,coo,coo,500,0,2,9,3.076545,0,93938800,1,pwtk,
cg_par,csr,csr,500,0,2,9,1.539142,0.008555,71325776,1,pwtk,
cg_par,dsr,dsr,500,0,2,9,1.581269,0.009403,72197448,1,pwtk,
cg_par,ell,ell,500,0,2,9,20.489339,0.214164,470702884,1,pwtk,
cg_par,csb-b64,csb,500,0,2,9,2.541459,0.429051,58895834,64,pwtk,
cg_par,csb-b128,csb,500,0,2,9,2.552394,0.46522,58807538,128,pwtk,
cg_par,csb-b256,csb,500,0,2,9,2.625454,0.130697,58752410,256,pwtk,
cg_par,eigen,eigen,500,0.00037,4,9,1.726424,0.168826,71325776,1,pwtk,
cg_par,coo,coo,500,0,4,9,1.642828,0,93938800,1,pwtk,
cg_par,csr,csr,500,0,4,9,0.832533,0.008544,71325776,1,pwtk,
cg_par,dsr,dsr,500,0,4,9,0.855521,0.009517,72197448,1,pwtk,
cg_par,ell,ell,500,0,4,9,9.801284,0.212273,470702884,1,pwtk,
cg_par,csb-b64,csb,500,0,4,9,1.354873,0.429304,58895834,64,pwtk,
cg_par,csb-b128,csb,500,0,4,9,1.350948,0.465413,58807538,128,pwtk,
cg_par,csb-b256,csb,500,0,4,9,1.394204,0.131,58752410,256,pwtk,
cg_par,eigen,eigen,500,0.00037,8,9,1.31572,0.169322,71325776,1,pwtk,
cg_par,coo,coo,500,0,8,9,0.98044,0,93938800,1,pwtk,
cg_par,csr,csr,500,0,8,9,0.492774,0.008563,71325776,1,pwtk,
cg_par,dsr,dsr,500,0,8,9,0.504295,0.009547,72197448,1,pwtk,
cg_par,ell,ell,500,0,8,9,5.570672,0.210426,470702884,1,pwtk,
cg_par,csb-b64,csb,500,0,8,9,0.769266,0.429115,58895834,64,pwtk,
cg_par,csb-b128,csb,500,0,8,9,0.758931,0.46381,58807538,128,pwtk,
cg_par,csb-b256,csb,500,0,8,9,0.805894,0.130686,58752410,256,pwtk,
cg_par,eigen,eigen,500,0.00037,16,9,1.133686,0.167597,71325776,1,pwtk,
cg_par,coo,coo,500,0,16,9,0.603874,0,93938800,1,pwtk,
cg_par,csr,csr,500,0,16,9,0.277522,0.008485,71325776,1,pwtk,
cg_par,dsr,dsr,500,0,16,9,0.333761,0.009549,72197448,1,pwtk,
cg_par,ell,ell,500,0,16,9,3.711974,0.212395,470702884,1,pwtk,
cg_par,csb-b64,csb,500,0,16,9,0.410791,0.429628,58895834,64,pwtk,
cg_par,csb-b128,csb,500,0,16,9,0.415364,0.465353,58807538,128,pwtk,
cg_par,csb-b256,csb,500,0,16,9,0.434445,0.131276,58752410,256,pwtk,
cg_par,eigen,eigen,500,0.00037,24,9,1.120874,0.167646,71325776,1,pwtk,
cg_par,coo,coo,500,0,24,9,0.59929,0,93938800,1,pwtk,
cg_par,csr,csr,500,0,24,9,0.225986,0.008549,71325776,1,pwtk,
cg_par,dsr,dsr,500,0,24,9,0.229517,0.009582,72197448,1,pwtk,
cg_par,ell,ell,500,0,24,9,3.180966,0.212729,470702884,1,pwtk,
cg_par,csb-b64,csb,500,0,24,9,0.309815,0.42875,58895834,64,pwtk,
cg_par,csb-b128,csb,500,0,24,9,0.298076,0.464959,58807538,128,pwtk,
cg_par,csb-b256,csb,500,0,24,9,0.312261,0.13094,58752410,256,pwtk,
cg_par,eigen,eigen,500,0.00037,28,9,1.09194,0.167151,71325776,1,pwtk,1
cg_par,coo,coo,500,0,28,9,0.543418,0,93938800,1,pwtk,2.009392401
cg_par,csr,csr,500,0,28,9,0.197083,0.008541,71325776,1,pwtk,5.540508314
cg_par,dsr,dsr,500,0,28,9,0.212848,0.009433,72197448,1,pwtk,5.130139818
cg_par,ell,ell,500,0,28,9,3.13516,0.210486,470702884,1,pwtk,0.348288445
cg_par,csb-b64,csb,500,0,28,9,0.269699,0.428844,58895834,64,pwtk,4.048735813
cg_par,csb-b128,csb,500,0,28,9,0.263103,0.465228,58807538,128,pwtk,4.15023774
cg_par,csb-b256,csb,500,0,28,9,0.27032,0.130834,58752410,256,pwtk,4.039434744
cg_par,eigen,eigen,500,0,1,9,1.074715,0.069627,28136448,1,rma10,
cg_par,coo,coo,500,0,1,9,2.718916,0,37265472,1,rma10,
cg_par,csr,csr,500,0,1,9,1.02712,0.003742,28136448,1,rma10,
cg_par,dsr,dsr,500,0,1,9,1.072013,0.003506,28323788,1,rma10,
cg_par,ell,ell,500,0,1,9,5.120741,0.058518,82054924,1,rma10,
cg_par,csb-b64,csb,500,0,1,9,1.917611,0.135735,23379964,64,rma10,
cg_par,csb-b128,csb,500,0,1,9,2.000459,0.160099,23327404,128,rma10,
cg_par,csb-b256,csb,500,0,1,9,2.115119,0.169326,23305888,256,rma10,
cg_par,eigen,eigen,500,0,2,9,0.674171,0.069521,28136448,1,rma10,
cg_par,coo,coo,500,0,2,9,1.386189,0,37265472,1,rma10,
cg_par,csr,csr,500,0,2,9,0.571556,0.003725,28136448,1,rma10,
cg_par,dsr,dsr,500,0,2,9,0.582738,0.003482,28323788,1,rma10,
cg_par,ell,ell,500,0,2,9,3.087127,0.058709,82054924,1,rma10,
cg_par,csb-b64,csb,500,0,2,9,1.060143,0.135854,23379964,64,rma10,
cg_par,csb-b128,csb,500,0,2,9,1.098901,0.15859,23327404,128,rma10,
cg_par,csb-b256,csb,500,0,2,9,1.125055,0.169317,23305888,256,rma10,
cg_par,eigen,eigen,500,0,4,9,0.414832,0.068879,28136448,1,rma10,
cg_par,coo,coo,500,0,4,9,0.758408,0,37265472,1,rma10,
cg_par,csr,csr,500,0,4,9,0.363527,0.003746,28136448,1,rma10,
cg_par,dsr,dsr,500,0,4,9,0.3719,0.003534,28323788,1,rma10,
cg_par,ell,ell,500,0,4,9,1.617313,0.059116,82054924,1,rma10,
cg_par,csb-b64,csb,500,0,4,9,0.572516,0.135334,23379964,64,rma10,
cg_par,csb-b128,csb,500,0,4,9,0.604851,0.159177,23327404,128,rma10,
cg_par,csb-b256,csb,500,0,4,9,0.650653,0.168936,23305888,256,rma10,
cg_par,eigen,eigen,500,0,8,9,0.296266,0.069002,28136448,1,rma10,
cg_par,coo,coo,500,0,8,9,0.434269,0,37265472,1,rma10,
cg_par,csr,csr,500,0,8,9,0.229363,0.003723,28136448,1,rma10,
cg_par,dsr,dsr,500,0,8,9,0.235114,0.003514,28323788,1,rma10,
cg_par,ell,ell,500,0,8,9,0.907412,0.05766,82054924,1,rma10,
cg_par,csb-b64,csb,500,0,8,9,0.343177,0.135929,23379964,64,rma10,
cg_par,csb-b128,csb,500,0,8,9,0.388629,0.160419,23327404,128,rma10,
cg_par,csb-b256,csb,500,0,8,9,0.425984,0.169701,23305888,256,rma10,
cg_par,eigen,eigen,500,0,16,9,0.231225,0.069276,28136448,1,rma10,
cg_par,coo,coo,500,0,16,9,0.241853,0,37265472,1,rma10,
cg_par,csr,csr,500,0,16,9,0.129969,0.003756,28136448,1,rma10,
cg_par,dsr,dsr,500,0,16,9,0.133328,0.003527,28323788,1,rma10,
cg_par,ell,ell,500,0,16,9,0.65435,0.057597,82054924,1,rma10,
cg_par,csb-b64,csb,500,0,16,9,0.198398,0.1363,23379964,64,rma10,
cg_par,csb-b128,csb,500,0,16,9,0.211834,0.160009,23327404,128,rma10,
cg_par,csb-b256,csb,500,0,16,9,0.233764,0.170095,23305888,256,rma10,
cg_par,eigen,eigen,500,0,24,9,0.206785,0.070088,28136448,1,rma10,
cg_par,coo,coo,500,0,24,9,0.177556,0,37265472,1,rma10,
cg_par,csr,csr,500,0,24,9,0.0951,0.003733,28136448,1,rma10,
cg_par,dsr,dsr,500,0,24,9,0.103107,0.003503,28323788,1,rma10,
cg_par,ell,ell,500,0,24,9,0.629858,0.057605,82054924,1,rma10,
cg_par,csb-b64,csb,500,0,24,9,0.151861,0.136284,23379964,64,rma10,
cg_par,csb-b128,csb,500,0,24,9,0.161305,0.160032,23327404,128,rma10,
cg_par,csb-b256,csb,500,0,24,9,0.172715,0.169895,23305888,256,rma10,
cg_par,eigen,eigen,500,0,28,9,0.200965,0.069743,28136448,1,rma10,1
cg_par,coo,coo,500,0,28,9,0.165374,0,37265472,1,rma10,1.215215209
cg_par,csr,csr,500,0,28,9,0.087524,0.003738,28136448,1,rma10,2.296113066
cg_par,dsr,dsr,500,0,28,9,0.093208,0.003499,28323788,1,rma10,2.156091752
cg_par,ell,ell,500,0,28,9,0.647949,0.058606,82054924,1,rma10,0.310155583
cg_par,csb-b64,csb,500,0,28,9,0.144294,0.136218,23379964,64,rma10,1.392746753
cg_par,csb-b128,csb,500,0,28,9,0.154061,0.159769,23327404,128,rma10,1.304450834
cg_par,csb-b256,csb,500,0,28,9,0.167638,0.169482,23305888,256,rma10,1.198803374
cg_par,eigen,eigen,500,-2608.724772,1,9,1.153399,0.034949,12191228,1,scircuit,
cg_par,coo,coo,500,0,1,9,0.990681,0,15342976,1,scircuit,
cg_par,csr,csr,500,0,1,9,1.003064,0.001587,12191228,1,scircuit,
cg_par,dsr,dsr,500,0,1,9,1.059416,0.002662,12875220,1,scircuit,
cg_par,ell,ell,500,0,1,9,41.083868,0.162067,726399508,1,scircuit,
cg_par,csb-b64,csb,500,0,1,9,1.184064,0.952973,10392500,64,scircuit,
cg_par,csb-b128,csb,500,0,1,9,1.072575,1.595365,10091780,128,scircuit,
cg_par,csb-b256,csb,500,0,1,9,0.998076,2.842838,9893732,256,scircuit,
cg_par,eigen,eigen,500,-2608.724772,2,9,1.065323,0.035756,12191228,1,scircuit,
cg_par,coo,coo,500,0,2,9,0.757491,0,15342976,1,scircuit,
cg_par,csr,csr,500,0,2,9,0.718915,0.001597,12191228,1,scircuit,
cg_par,dsr,dsr,500,0,2,9,0.75679,0.002593,12875220,1,scircuit,
cg_par,ell,ell,500,0,2,9,30.700887,0.166149,726399508,1,scircuit,
cg_par,csb-b64,csb,500,0,2,9,0.805669,0.955069,10392500,64,scircuit,
cg_par,csb-b128,csb,500,0,2,9,0.742783,1.609989,10091780,128,scircuit,
cg_par,csb-b256,csb,500,0,2,9,0.704785,2.787826,9893732,256,scircuit,
cg_par,eigen,eigen,500,-2608.724772,4,9,0.806906,0.035368,12191228,1,scircuit,
cg_par,coo,coo,500,0,4,9,0.446372,0,15342976,1,scircuit,
cg_par,csr,csr,500,0,4,9,0.396703,0.00173,12191228,1,scircuit,
cg_par,dsr,dsr,500,0,4,9,0.412205,0.00262,12875220,1,scircuit,
cg_par,ell,ell,500,0,4,9,15.305831,0.165824,726399508,1,scircuit,
cg_par,csb-b64,csb,500,0,4,9,0.418598,0.953984,10392500,64,scircuit,
cg_par,csb-b128,csb,500,0,4,9,0.389094,1.608544,10091780,128,scircuit,
cg_par,csb-b256,csb,500,0,4,9,0.375131,2.78816,9893732,256,scircuit,
cg_par,eigen,eigen,500,-2608.724772,8,9,0.705813,0.034398,12191228,1,scircuit,
cg_par,coo,coo,500,0,8,9,0.28611,0,15342976,1,scircuit,
cg_par,csr,csr,500,0,8,9,0.219803,0.001578,12191228,1,scircuit,
cg_par,dsr,dsr,500,0,8,9,0.237392,0.002601,12875220,1,scircuit,
cg_par,ell,ell,500,0,8,9,8.291033,0.163124,726399508,1,scircuit,
cg_par,csb-b64,csb,500,0,8,9,0.242511,0.949342,10392500,64,scircuit,
cg_par,csb-b128,csb,500,0,8,9,0.23121,1.59813,10091780,128,scircuit,
cg_par,csb-b256,csb,500,0,8,9,0.220777,2.757333,9893732,256,scircuit,
cg_par,eigen,eigen,500,-2608.724772,16,9,0.630983,0.034355,12191228,1,scircuit,
cg_par,coo,coo,500,0,16,9,0.200331,0,15342976,1,scircuit,
cg_par,csr,csr,500,0,16,9,0.121919,0.001572,12191228,1,scircuit,
cg_par,dsr,dsr,500,0,16,9,0.135588,0.002604,12875220,1,scircuit,
cg_par,ell,ell,500,0,16,9,5.284599,0.162475,726399508,1,scircuit,
cg_par,csb-b64,csb,500,0,16,9,0.167271,0.951599,10392500,64,scircuit,
cg_par,csb-b128,csb,500,0,16,9,0.157181,1.609341,10091780,128,scircuit,
cg_par,csb-b256,csb,500,0,16,9,0.15715,2.756879,9893732,256,scircuit,
cg_par,eigen,eigen,500,-2608.724772,24,9,0.61532,0.034215,12191228,1,scircuit,
cg_par,coo,coo,500,0,24,9,0.185107,0,15342976,1,scircuit,
cg_par,csr,csr,500,0,24,9,0.095989,0.001666,12191228,1,scircuit,
cg_par,dsr,dsr,500,0,24,9,0.110121,0.002615,12875220,1,scircuit,
cg_par,ell,ell,500,0,24,9,4.424829,0.163373,726399508,1,scircuit,
cg_par,csb-b64,csb,500,0,24,9,0.153512,0.951413,10392500,64,scircuit,
cg_par,csb-b128,csb,500,0,24,9,0.144489,1.602927,10091780,128,scircuit,
cg_par,csb-b256,csb,500,0,24,9,0.148483,2.781113,9893732,256,scircuit,
cg_par,eigen,eigen,500,-2608.724772,28,9,0.613169,0.034314,12191228,1,scircuit,1
cg_par,coo,coo,500,0,28,9,0.172526,0,15342976,1,scircuit,3.554067213
cg_par,csr,csr,500,0,28,9,0.086299,0.001587,12191228,1,scircuit,7.105169237
cg_par,dsr,dsr,500,0,28,9,0.115286,0.002602,12875220,1,scircuit,5.318677029
cg_par,ell,ell,500,0,28,9,4.727049,0.162203,726399508,1,scircuit,0.129714966
cg_par,csb-b64,csb,500,0,28,9,0.153572,0.966945,10392500,64,scircuit,3.992713515
cg_par,csb-b128,csb,500,0,28,9,0.149945,1.596099,10091780,128,scircuit,4.089292741
cg_par,csb-b256,csb,500,0,28,9,0.151892,2.765086,9893732,256,scircuit,4.036874885
cg_par,eigen,eigen,500,0.000164,1,9,1.398249,0.055462,22817800,1,shipsec1,
cg_par,coo,coo,500,0,1,9,1.727274,0,29672400,1,shipsec1,
cg_par,csr,csr,500,0,1,9,1.278558,0.002781,22817800,1,shipsec1,
cg_par,dsr,dsr,500,0,1,9,1.331308,0.003822,23381296,1,shipsec1,
cg_par,ell,ell,500,0,1,9,5.430306,0.047405,84524404,1,shipsec1,
cg_par,csb-b64,csb,500,0,1,9,1.439905,0.33865,18779410,64,shipsec1,
cg_par,csb-b128,csb,500,0,1,9,1.417842,0.414946,18656458,128,shipsec1,
cg_par,csb-b256,csb,500,0,1,9,1.427843,0.482065,18595762,256,shipsec1,
cg_par,eigen,eigen,500,0.000164,1,9,1.39851,0.055482,22817800,1,shipsec1,
cg_par,coo,coo,500,0,1,9,1.736415,0,29672400,1,shipsec1,
cg_par,csr,csr,500,0,1,9,1.277541,0.002761,22817800,1,shipsec1,
cg_par,dsr,dsr,500,0,1,9,1.331326,0.003849,23381296,1,shipsec1,
cg_par,ell,ell,500,0,1,9,5.396641,0.047277,84524404,1,shipsec1,
cg_par,csb-b64,csb,500,0,1,9,1.442334,0.34016,18779410,64,shipsec1,
cg_par,csb-b128,csb,500,0,1,9,1.419879,0.415674,18656458,128,shipsec1,
cg_par,csb-b256,csb,500,0,1,9,1.428042,0.482594,18595762,256,shipsec1,
cg_par,eigen,eigen,500,0.000164,2,9,0.986578,0.054934,22817800,1,shipsec1,
cg_par,coo,coo,500,0,2,9,0.902463,0,29672400,1,shipsec1,
cg_par,csr,csr,500,0,2,9,0.651835,0.002733,22817800,1,shipsec1,
cg_par,dsr,dsr,500,0,2,9,0.681521,0.003823,23381296,1,shipsec1,
cg_par,ell,ell,500,0,2,9,3.598869,0.047276,84524404,1,shipsec1,
cg_par,csb-b64,csb,500,0,2,9,0.761955,0.340093,18779410,64,shipsec1,
cg_par,csb-b128,csb,500,0,2,9,0.748903,0.418731,18656458,128,shipsec1,
cg_par,csb-b256,csb,500,0,2,9,0.74969,0.486536,18595762,256,shipsec1,
cg_par,eigen,eigen,500,0.000164,2,9,0.990891,0.055185,22817800,1,shipsec1,
cg_par,coo,coo,500,0,2,9,0.907484,0,29672400,1,shipsec1,
cg_par,csr,csr,500,0,2,9,0.652616,0.002767,22817800,1,shipsec1,
cg_par,dsr,dsr,500,0,2,9,0.682273,0.00384,23381296,1,shipsec1,
cg_par,ell,ell,500,0,2,9,3.558302,0.047466,84524404,1,shipsec1,
cg_par,csb-b64,csb,500,0,2,9,0.762334,0.340605,18779410,64,shipsec1,
cg_par,csb-b128,csb,500,0,2,9,0.747868,0.41877,18656458,128,shipsec1,
cg_par,csb-b256,csb,500,0,2,9,0.750199,0.485784,18595762,256,shipsec1,
cg_par,eigen,eigen,500,0.000164,4,9,0.705072,0.055202,22817800,1,shipsec1,
cg_par,coo,coo,500,0,4,9,0.502394,0,29672400,1,shipsec1,
cg_par,csr,csr,500,0,4,9,0.332923,0.002763,22817800,1,shipsec1,
cg_par,dsr,dsr,500,0,4,9,0.349463,0.003838,23381296,1,shipsec1,
cg_par,ell,ell,500,0,4,9,1.854654,0.047998,84524404,1,shipsec1,
cg_par,csb-b64,csb,500,0,4,9,0.41365,0.339578,18779410,64,shipsec1,
cg_par,csb-b128,csb,500,0,4,9,0.41099,0.417793,18656458,128,shipsec1,
cg_par,csb-b256,csb,500,0,4,9,0.424585,0.484442,18595762,256,shipsec1,
cg_par,eigen,eigen,500,0.000164,4,9,0.702161,0.055294,22817800,1,shipsec1,
cg_par,coo,coo,500,0,4,9,0.493346,0,29672400,1,shipsec1,
cg_par,csr,csr,500,0,4,9,0.332746,0.002784,22817800,1,shipsec1,
cg_par,dsr,dsr,500,0,4,9,0.352946,0.00386,23381296,1,shipsec1,
cg_par,ell,ell,500,0,4,9,1.890655,0.048147,84524404,1,shipsec1,
cg_par,csb-b64,csb,500,0,4,9,0.413067,0.338823,18779410,64,shipsec1,
cg_par,csb-b128,csb,500,0,4,9,0.41421,0.416867,18656458,128,shipsec1,
cg_par,csb-b256,csb,500,0,4,9,0.421559,0.483877,18595762,256,shipsec1,
cg_par,eigen,eigen,500,0.000164,8,9,0.593963,0.055105,22817800,1,shipsec1,
cg_par,coo,coo,500,0,8,9,0.309118,0,29672400,1,shipsec1,
cg_par,csr,csr,500,0,8,9,0.189763,0.002759,22817800,1,shipsec1,
cg_par,dsr,dsr,500,0,8,9,0.200455,0.003819,23381296,1,shipsec1,
cg_par,ell,ell,500,0,8,9,1.169422,0.046421,84524404,1,shipsec1,
cg_par,csb-b64,csb,500,0,8,9,0.2615,0.340404,18779410,64,shipsec1,
cg_par,csb-b128,csb,500,0,8,9,0.267447,0.416524,18656458,128,shipsec1,
cg_par,csb-b256,csb,500,0,8,9,0.281136,0.484709,18595762,256,shipsec1,
cg_par,eigen,eigen,500,0.000164,8,9,0.600759,0.055147,22817800,1,shipsec1,
cg_par,coo,coo,500,0,8,9,0.306691,0,29672400,1,shipsec1,
cg_par,csr,csr,500,0,8,9,0.187333,0.002742,22817800,1,shipsec1,
cg_par,dsr,dsr,500,0,8,9,0.199883,0.00385,23381296,1,shipsec1,
cg_par,ell,ell,500,0,8,9,1.117891,0.046587,84524404,1,shipsec1,
cg_par,csb-b64,csb,500,0,8,9,0.263131,0.340063,18779410,64,shipsec1,
cg_par,csb-b128,csb,500,0,8,9,0.269102,0.416661,18656458,128,shipsec1,
cg_par,csb-b256,csb,500,0,8,9,0.278507,0.484527,18595762,256,shipsec1,
cg_par,eigen,eigen,500,0.000164,16,9,0.532819,0.05529,22817800,1,shipsec1,
cg_par,coo,coo,500,0,16,9,0.197088,0,29672400,1,shipsec1,
cg_par,csr,csr,500,0,16,9,0.097835,0.002822,22817800,1,shipsec1,
cg_par,dsr,dsr,500,0,16,9,0.110979,0.003819,23381296,1,shipsec1,
cg_par,ell,ell,500,0,16,9,0.797223,0.046556,84524404,1,shipsec1,
cg_par,csb-b64,csb,500,0,16,9,0.170839,0.341636,18779410,64,shipsec1,
cg_par,csb-b128,csb,500,0,16,9,0.181786,0.417549,18656458,128,shipsec1,
cg_par,csb-b256,csb,500,0,16,9,0.1808,0.483412,18595762,256,shipsec1,
cg_par,eigen,eigen,500,0.000164,16,9,0.523899,0.055272,22817800,1,shipsec1,
cg_par,coo,coo,500,0,16,9,0.201036,0,29672400,1,shipsec1,
cg_par,csr,csr,500,0,16,9,0.097293,0.002761,22817800,1,shipsec1,
cg_par,dsr,dsr,500,0,16,9,0.110326,0.003833,23381296,1,shipsec1,
cg_par,ell,ell,500,0,16,9,0.79982,0.046594,84524404,1,shipsec1,
cg_par,csb-b64,csb,500,0,16,9,0.175683,0.342269,18779410,64,shipsec1,
cg_par,csb-b128,csb,500,0,16,9,0.180518,0.417128,18656458,128,shipsec1,
cg_par,csb-b256,csb,500,0,16,9,0.188896,0.482719,18595762,256,shipsec1,
cg_par,eigen,eigen,500,0.000164,24,9,0.504945,0.055261,22817800,1,shipsec1,
cg_par,coo,coo,500,0,24,9,0.1656,0,29672400,1,shipsec1,
cg_par,csr,csr,500,0,24,9,0.070294,0.002753,22817800,1,shipsec1,
cg_par,dsr,dsr,500,0,24,9,0.082771,0.003847,23381296,1,shipsec1,
cg_par,ell,ell,500,0,24,9,0.730414,0.047668,84524404,1,shipsec1,
cg_par,csb-b64,csb,500,0,24,9,0.135535,0.339871,18779410,64,shipsec1,
cg_par,csb-b128,csb,500,0,24,9,0.143988,0.416327,18656458,128,shipsec1,
cg_par,csb-b256,csb,500,0,24,9,0.152966,0.483438,18595762,256,shipsec1,
cg_par,eigen,eigen,500,0.000164,24,9,0.504996,0.055096,22817800,1,shipsec1,
cg_par,coo,coo,500,0,24,9,0.163373,0,29672400,1,shipsec1,
cg_par,csr,csr,500,0,24,9,0.075268,0.002768,22817800,1,shipsec1,
cg_par,dsr,dsr,500,0,24,9,0.081035,0.003828,23381296,1,shipsec1,
cg_par,ell,ell,500,0,24,9,0.736169,0.046657,84524404,1,shipsec1,
cg_par,csb-b64,csb,500,0,24,9,0.14735,0.340757,18779410,64,shipsec1,
cg_par,csb-b128,csb,500,0,24,9,0.157534,0.416796,18656458,128,shipsec1,
cg_par,csb-b256,csb,500,0,24,9,0.165198,0.48374,18595762,256,shipsec1,
cg_par,eigen,eigen,500,0.000164,28,9,0.507407,0.055298,22817800,1,shipsec1,1
cg_par,coo,coo,500,0,28,9,0.158755,0,29672400,1,shipsec1,3.1961639
cg_par,csr,csr,500,0,28,9,0.06333,0.00276,22817800,1,shipsec1,8.012111164
cg_par,dsr,dsr,500,0,28,9,0.077043,0.003852,23381296,1,shipsec1,6.58602339
cg_par,ell,ell,500,0,28,9,0.612372,0.047641,84524404,1,shipsec1,0.828592751
cg_par,csb-b64,csb,500,0,28,9,0.123697,0.339243,18779410,64,shipsec1,4.102015409
cg_par,csb-b128,csb,500,0,28,9,0.129534,0.416995,18656458,128,shipsec1,3.917172325
cg_par,csb-b256,csb,500,0,28,9,0.144696,0.48303,18595762,256,shipsec1,3.506710621
cg_par,coo,coo,500,0,1,9,0.745222,0,10359920,1,tomographic1,
cg_par,csr,csr,500,0,1,9,0.628224,0.001111,8062580,1,tomographic1,
cg_par,dsr,dsr,500,0,1,9,0.596798,0.001341,8137208,1,tomographic1,
cg_par,ell,ell,500,0,1,9,8.538137,0.042345,136642900,1,tomographic1,
cg_par,csb-b64,csb,500,0,1,9,1.044207,1.46337,7870710,64,tomographic1,
cg_par,csb-b128,csb,500,0,1,9,0.894436,2.850185,7402110,128,tomographic1,
cg_par,csb-b256,csb,500,0,1,9,0.720723,4.034164,6919926,256,tomographic1,
cg_par,coo,coo,500,0,2,9,0.521298,0,10359920,1,tomographic1,
cg_par,csr,csr,500,0,2,9,0.489762,0.001151,8062580,1,tomographic1,
cg_par,dsr,dsr,500,0,2,9,0.449553,0.001342,8137208,1,tomographic1,
cg_par,ell,ell,500,0,2,9,6.441253,0.042863,136642900,1,tomographic1,
cg_par,csb-b64,csb,500,0,2,9,0.615253,1.472629,7870710,64,tomographic1,
cg_par,csb-b128,csb,500,0,2,9,0.551856,2.872943,7402110,128,tomographic1,
cg_par,csb-b256,csb,500,0,2,9,0.469575,4.069112,6919926,256,tomographic1,
cg_par,coo,coo,500,0,4,9,0.293912,0,10359920,1,tomographic1,
cg_par,csr,csr,500,0,4,9,0.27299,0.001124,8062580,1,tomographic1,
cg_par,dsr,dsr,500,0,4,9,0.251698,0.001339,8137208,1,tomographic1,
cg_par,ell,ell,500,0,4,9,3.442979,0.042566,136642900,1,tomographic1,
cg_par,csb-b64,csb,500,0,4,9,0.330965,1.475021,7870710,64,tomographic1,
cg_par,csb-b128,csb,500,0,4,9,0.297597,2.879753,7402110,128,tomographic1,
cg_par,csb-b256,csb,500,0,4,9,0.260904,4.066688,6919926,256,tomographic1,
cg_par,coo,coo,500,0,8,9,0.188312,0,10359920,1,tomographic1,
cg_par,csr,csr,500,0,8,9,0.145256,0.001117,8062580,1,tomographic1,
cg_par,dsr,dsr,500,0,8,9,0.137293,0.001337,8137208,1,tomographic1,
cg_par,ell,ell,500,0,8,9,2.422386,0.042941,136642900,1,tomographic1,
cg_par,csb-b64,csb,500,0,8,9,0.189999,1.465495,7870710,64,tomographic1,
cg_par,csb-b128,csb,500,0,8,9,0.167974,2.853621,7402110,128,tomographic1,
cg_par,csb-b256,csb,500,0,8,9,0.147649,4.026961,6919926,256,tomographic1,
cg_par,coo,coo,500,0,16,9,0.13122,0,10359920,1,tomographic1,
cg_par,csr,csr,500,0,16,9,0.096046,0.00117,8062580,1,tomographic1,
cg_par,dsr,dsr,500,0,16,9,0.083818,0.001342,8137208,1,tomographic1,
cg_par,ell,ell,500,0,16,9,1.491412,0.043067,136642900,1,tomographic1,
cg_par,csb-b64,csb,500,0,16,9,0.116184,1.475726,7870710,64,tomographic1,
cg_par,csb-b128,csb,500,0,16,9,0.105958,2.858282,7402110,128,tomographic1,
cg_par,csb-b256,csb,500,0,16,9,0.096452,4.088722,6919926,256,tomographic1,
cg_par,coo,coo,500,0,24,9,0.105691,0,10359920,1,tomographic1,
cg_par,csr,csr,500,0,24,9,0.06771,0.0011,8062580,1,tomographic1,
cg_par,dsr,dsr,500,0,24,9,0.075304,0.001337,8137208,1,tomographic1,
cg_par,ell,ell,500,0,24,9,1.283916,0.042924,136642900,1,tomographic1,
cg_par,csb-b64,csb,500,0,24,9,0.089567,1.474761,7870710,64,tomographic1,
cg_par,csb-b128,csb,500,0,24,9,0.083593,2.863107,7402110,128,tomographic1,
cg_par,csb-b256,csb,500,0,24,9,0.084652,4.038824,6919926,256,tomographic1,
cg_par,coo,coo,500,0,28,9,0.098532,0,10359920,1,tomographic1,1
cg_par,csr,csr,500,0,28,9,0.061344,0.001113,8062580,1,tomographic1,1.606220657
cg_par,dsr,dsr,500,0,28,9,0.068027,0.001343,8137208,1,tomographic1,1.44842489
cg_par,ell,ell,500,0,28,9,1.389304,0.043444,136642900,1,tomographic1,0.070921843
cg_par,csb-b64,csb,500,0,28,9,0.084961,1.482729,7870710,64,tomographic1,1.159732112
cg_par,csb-b128,csb,500,0,28,9,0.079912,2.855177,7402110,128,tomographic1,1.233006307
cg_par,csb-b256,csb,500,0,28,9,0.080001,4.026546,6919926,256,tomographic1,1.231634605
cg_par,eigen,eigen,500,-0.138075,1,9,6.845935,0.132207,41266456,1,webbase-1M,0.074117998
cg_par,coo,coo,500,0,1,9,6.245864,0,49688576,1,webbase-1M,
cg_par,csr,csr,500,0,1,9,4.893361,0.006682,41266456,1,webbase-1M,
cg_par,dsr,dsr,500,0,1,9,5.740581,0.009843,45266476,1,webbase-1M,
cg_par,csb-b64,csb,500,0,1,9,5.312389,5.41128,33407856,64,webbase-1M,
cg_par,csb-b128,csb,500,0,1,9,5.135754,6.350478,32873256,128,webbase-1M,
cg_par,csb-b256,csb,500,0,1,9,5.043129,12.313817,32415180,256,webbase-1M,
cg_par,eigen,eigen,500,-0.138075,2,9,6.357453,0.132528,41266456,1,webbase-1M,
cg_par,coo,coo,500,0,2,9,2.872116,0,49688576,1,webbase-1M,
cg_par,csr,csr,500,0,2,9,2.214717,0.006765,41266456,1,webbase-1M,
cg_par,dsr,dsr,500,0,2,9,2.476442,0.009714,45266476,1,webbase-1M,
cg_par,csb-b64,csb,500,0,2,9,3.325482,5.886114,33407856,64,webbase-1M,
cg_par,csb-b128,csb,500,0,2,9,3.404261,6.393417,32873256,128,webbase-1M,
cg_par,csb-b256,csb,500,0,2,9,3.333158,12.512414,32415180,256,webbase-1M,
cg_par,eigen,eigen,500,-0.138075,4,9,5.679465,0.130585,41266456,1,webbase-1M,
cg_par,coo,coo,500,0,4,9,1.903326,0,49688576,1,webbase-1M,
cg_par,csr,csr,500,0,4,9,1.554515,0.00674,41266456,1,webbase-1M,
cg_par,dsr,dsr,500,0,4,9,1.597498,0.009765,45266476,1,webbase-1M,
cg_par,csb-b64,csb,500,0,4,9,1.87709,5.404755,33407856,64,webbase-1M,
cg_par,csb-b128,csb,500,0,4,9,1.913672,6.616251,32873256,128,webbase-1M,
cg_par,csb-b256,csb,500,0,4,9,1.874112,12.511337,32415180,256,webbase-1M,
cg_par,eigen,eigen,500,-0.138075,8,9,4.947992,0.131522,41266456,1,webbase-1M,
cg_par,coo,coo,500,0,8,9,1.452689,0,49688576,1,webbase-1M,
cg_par,csr,csr,500,0,8,9,1.05767,0.006734,41266456,1,webbase-1M,
cg_par,dsr,dsr,500,0,8,9,1.103158,0.009757,45266476,1,webbase-1M,
cg_par,csb-b64,csb,500,0,8,9,1.110848,5.383936,33407856,64,webbase-1M,
cg_par,csb-b128,csb,500,0,8,9,1.12275,6.347711,32873256,128,webbase-1M,
cg_par,csb-b256,csb,500,0,8,9,1.072689,12.323986,32415180,256,webbase-1M,
cg_par,eigen,eigen,500,-0.138075,16,9,4.764646,0.131462,41266456,1,webbase-1M,
cg_par,coo,coo,500,0,16,9,1.013747,0,49688576,1,webbase-1M,
cg_par,csr,csr,500,0,16,9,0.806999,0.006637,41266456,1,webbase-1M,
cg_par,dsr,dsr,500,0,16,9,0.784936,0.009789,45266476,1,webbase-1M,
cg_par,csb-b64,csb,500,0,16,9,0.698741,5.363361,33407856,64,webbase-1M,
cg_par,csb-b128,csb,500,0,16,9,0.756652,6.35354,32873256,128,webbase-1M,
cg_par,csb-b256,csb,500,0,16,9,0.604714,12.324925,32415180,256,webbase-1M,
cg_par,eigen,eigen,500,-0.138075,24,9,4.708901,0.130865,41266456,1,webbase-1M,
cg_par,coo,coo,500,0,24,9,0.97582,0,49688576,1,webbase-1M,
cg_par,csr,csr,500,0,24,9,0.652812,0.006768,41266456,1,webbase-1M,
cg_par,dsr,dsr,500,0,24,9,0.668799,0.009775,45266476,1,webbase-1M,
cg_par,csb-b64,csb,500,0,24,9,0.56121,5.405986,33407856,64,webbase-1M,
cg_par,csb-b128,csb,500,0,24,9,0.570012,6.491732,32873256,128,webbase-1M,
cg_par,csb-b256,csb,500,0,24,9,0.548446,12.311185,32415180,256,webbase-1M,
cg_par,eigen,eigen,500,-0.138075,28,9,4.902669,0.130757,41266456,1,webbase-1M,1
cg_par,coo,coo,500,0,28,9,0.853557,0,49688576,1,webbase-1M,5.743809728
cg_par,csr,csr,500,0,28,9,0.606106,0.006681,41266456,1,webbase-1M,8.088797999
cg_par,dsr,dsr,500,0,28,9,0.66679,0.00982,45266476,1,webbase-1M,7.352643261
cg_par,ell,ell,500,0,28,9,6.828456,0.043444,173910016,1,webbase-1M,0.717976216
cg_par,csb-b64,csb,500,0,28,9,0.542608,5.397315,33407856,64,webbase-1M,9.035379132
cg_par,csb-b128,csb,500,0,28,9,0.54745,6.362288,32873256,128,webbase-1M,8.955464426
cg_par,csb-b256,csb,500,0,28,9,0.593655,12.373848,32415180,256,webbase-1M,8.258448089